project,source_package,target_package,category,count
cargo-tracker,net.java.cargotracker.domain.model.cargo,javax.persistence,external,44
cargo-tracker,net.java.cargotracker.domain.model.voyage,javax.persistence,external,21
cargo-tracker,net.java.cargotracker.application,net.java.cargotracker.domain.model.cargo,internal,20
cargo-tracker,net.java.cargotracker.infrastructure.messaging.jms,javax.jms,external,19
cargo-tracker,net.java.cargotracker.domain.model.cargo,java.util,external,17
cargo-tracker,net.java.cargotracker.interfaces.handling.file,java.io,external,14
cargo-tracker,net.java.cargotracker.application,net.java.cargotracker.domain.model.handling,internal,13
cargo-tracker,net.java.cargotracker.domain.model.voyage,java.util,external,13
cargo-tracker,net.java.cargotracker.interfaces.booking.web,javax.inject,external,13
cargo-tracker,net.java.cargotracker.domain.model.handling,java.util,external,12
cargo-tracker,net.java.cargotracker.domain.model.handling,javax.persistence,external,12
cargo-tracker,net.java.cargotracker.domain.model.handling,net.java.cargotracker.domain.model.cargo,internal,12
cargo-tracker,net.java.cargotracker.domain.model.voyage,net.java.cargotracker.domain.model.location.SampleLocations,external,12
cargo-tracker,net.java.cargotracker.interfaces.booking.web,java.util,external,11
cargo-tracker,net.java.cargotracker.interfaces.booking.web,net.java.cargotracker.interfaces.booking.facade.dto,internal,11
cargo-tracker,net.java.cargotracker.application,java.util,external,10
cargo-tracker,net.java.cargotracker.application,net.java.cargotracker.domain.model.voyage,internal,10
cargo-tracker,net.java.cargotracker.domain.model.cargo,net.java.cargotracker.domain.model.location,internal,10
cargo-tracker,net.java.cargotracker.infrastructure.messaging.jms,java.util.logging,external,10
cargo-tracker,net.java.cargotracker.infrastructure.messaging.jms,javax.ejb,external,10
cargo-tracker,net.java.cargotracker.application,net.java.cargotracker.domain.model.location,internal,9
cargo-tracker,net.java.cargotracker.application.internal,net.java.cargotracker.domain.model.cargo,internal,9
cargo-tracker,net.java.cargotracker.application.util,java.util,external,9
cargo-tracker,net.java.cargotracker.domain.model.cargo,net.java.cargotracker.domain.model.handling,internal,9
cargo-tracker,net.java.cargotracker.domain.model.cargo,net.java.cargotracker.domain.model.voyage,internal,9
cargo-tracker,net.java.cargotracker.infrastructure.persistence.jpa,javax.persistence,external,9
cargo-tracker,net.java.cargotracker.scenario,net.java.cargotracker.domain.model.cargo,internal,9
cargo-tracker,net.java.cargotracker.domain.model.cargo,java.io,external,8
cargo-tracker,net.java.cargotracker.domain.model.cargo,org.apache.commons.lang3.builder,external,8
cargo-tracker,net.java.cargotracker.domain.model.handling,net.java.cargotracker.domain.model.voyage,internal,8
cargo-tracker,net.java.cargotracker.infrastructure.routing,net.java.cargotracker.domain.model.cargo,internal,8
cargo-tracker,net.java.cargotracker.domain.model.cargo,org.apache.commons.lang3,external,7
cargo-tracker,net.java.cargotracker.domain.model.handling,net.java.cargotracker.domain.model.location,internal,7
cargo-tracker,net.java.cargotracker.domain.model.location,javax.persistence,external,7
cargo-tracker,net.java.cargotracker.interfaces.booking.facade.dto,java.util,external,7
cargo-tracker,net.java.cargotracker.interfaces.handling.file,javax.inject,external,7
cargo-tracker,net.java.cargotracker.application,net.java.cargotracker.domain.shared,internal,6
cargo-tracker,net.java.cargotracker.application.internal,net.java.cargotracker.domain.model.handling,internal,6
cargo-tracker,net.java.cargotracker.domain.model.cargo,org.junit.Assert,external,6
cargo-tracker,net.java.cargotracker.interfaces.booking.facade.internal.assembler,java.util,external,6
cargo-tracker,net.java.cargotracker.interfaces.booking.facade.internal.assembler,net.java.cargotracker.domain.model.cargo,internal,6
cargo-tracker,net.java.cargotracker.interfaces.booking.web,net.java.cargotracker.interfaces.booking.facade,internal,6
cargo-tracker,net.java.cargotracker.interfaces.handling.file,java.util,external,6
cargo-tracker,net.java.cargotracker.interfaces.handling.file,java.util.logging,external,6
cargo-tracker,net.java.cargotracker.interfaces.tracking.web,java.util,external,6
cargo-tracker,net.java.cargotracker.interfaces.tracking.web,net.java.cargotracker.domain.model.cargo,internal,6
cargo-tracker,net.java.cargotracker.application.internal,java.util.logging,external,5
cargo-tracker,net.java.cargotracker.application.internal,net.java.cargotracker.application,internal,5
cargo-tracker,net.java.cargotracker.application.util,net.java.cargotracker.domain.model.cargo,internal,5
cargo-tracker,net.java.cargotracker.application.util,net.java.cargotracker.domain.model.handling,internal,5
cargo-tracker,net.java.cargotracker.domain.model.voyage,javax.validation.constraints,external,5
cargo-tracker,net.java.cargotracker.infrastructure.persistence.jpa,net.java.cargotracker.domain.model.cargo,internal,5
cargo-tracker,net.java.cargotracker.interfaces.booking.web,java.io,external,5
cargo-tracker,net.java.cargotracker.application,javax.ejb,external,4
cargo-tracker,net.java.cargotracker.application,javax.persistence,external,4
cargo-tracker,net.java.cargotracker.application,net.java.cargotracker.infrastructure.persistence.jpa,internal,4
cargo-tracker,net.java.cargotracker.application,net.java.pathfinder.api,internal,4
cargo-tracker,net.java.cargotracker.application.internal,java.util,external,4
cargo-tracker,net.java.cargotracker.application.internal,net.java.cargotracker.domain.model.location,internal,4
cargo-tracker,net.java.cargotracker.application.util,javax.ejb,external,4
cargo-tracker,net.java.cargotracker.domain.model.cargo,javax.inject,external,4
cargo-tracker,net.java.cargotracker.domain.model.cargo,javax.validation.constraints,external,4
cargo-tracker,net.java.cargotracker.domain.model.voyage,java.io,external,4
cargo-tracker,net.java.cargotracker.domain.model.voyage,org.apache.commons.lang3,external,4
cargo-tracker,net.java.cargotracker.infrastructure.persistence.jpa,java.io,external,4
cargo-tracker,net.java.cargotracker.infrastructure.persistence.jpa,java.util,external,4
cargo-tracker,net.java.cargotracker.infrastructure.persistence.jpa,javax.enterprise.context,external,4
cargo-tracker,net.java.cargotracker.infrastructure.persistence.jpa,net.java.cargotracker.domain.model.location,internal,4
cargo-tracker,net.java.cargotracker.infrastructure.routing,java.util,external,4
cargo-tracker,net.java.cargotracker.infrastructure.routing,net.java.cargotracker.domain.model.location,internal,4
cargo-tracker,net.java.cargotracker.interfaces.booking.facade.dto,java.io,external,4
cargo-tracker,net.java.cargotracker.interfaces.booking.facade.internal,net.java.cargotracker.domain.model.cargo,internal,4
cargo-tracker,net.java.cargotracker.interfaces.booking.facade.internal.assembler,net.java.cargotracker.domain.model.location,internal,4
cargo-tracker,net.java.cargotracker.interfaces.booking.web,javax.faces.view,external,4
cargo-tracker,net.java.cargotracker.interfaces.booking.web,org.primefaces.model,external,4
cargo-tracker,net.java.cargotracker.interfaces.handling.file,javax.enterprise.context,external,4
cargo-tracker,net.java.cargotracker.scenario,net.java.cargotracker.application,internal,4
cargo-tracker,net.java.cargotracker.scenario,net.java.cargotracker.domain.model.handling,internal,4
cargo-tracker,net.java.cargotracker.scenario,net.java.cargotracker.domain.model.location,internal,4
cargo-tracker,net.java.cargotracker.scenario,net.java.cargotracker.domain.model.voyage,internal,4
cargo-tracker,net.java.pathfinder.api,java.util,external,4
cargo-tracker,net.java.pathfinder.api,javax.ws.rs,external,4
cargo-tracker,net.java.pathfinder.internal,java.util,external,4
cargo-tracker,net.java.cargotracker.application,net.java.cargotracker.application.util,internal,3
cargo-tracker,net.java.cargotracker.application,org.junit.Assert,external,3
cargo-tracker,net.java.cargotracker.application.internal,javax.ejb,external,3
cargo-tracker,net.java.cargotracker.application.internal,javax.inject,external,3
cargo-tracker,net.java.cargotracker.domain.model.cargo,java.text,external,3
cargo-tracker,net.java.cargotracker.domain.model.cargo,net.java.cargotracker.domain.shared,internal,3
cargo-tracker,net.java.cargotracker.domain.model.cargo,org.junit,external,3
cargo-tracker,net.java.cargotracker.domain.model.location,javax.validation.constraints,external,3
cargo-tracker,net.java.cargotracker.domain.model.voyage,net.java.cargotracker.domain.model.location,internal,3
cargo-tracker,net.java.cargotracker.domain.model.voyage,org.apache.commons.lang3.builder,external,3
cargo-tracker,net.java.cargotracker.infrastructure.messaging.jms,javax.inject,external,3
cargo-tracker,net.java.cargotracker.infrastructure.messaging.jms,net.java.cargotracker.application,internal,3
cargo-tracker,net.java.cargotracker.infrastructure.persistence.jpa,net.java.cargotracker.domain.model.handling,internal,3
cargo-tracker,net.java.cargotracker.infrastructure.persistence.jpa,net.java.cargotracker.domain.model.voyage,internal,3
cargo-tracker,net.java.cargotracker.infrastructure.routing,javax.ws.rs.client,external,3
cargo-tracker,net.java.cargotracker.infrastructure.routing,net.java.cargotracker.domain.model.voyage,internal,3
cargo-tracker,net.java.cargotracker.interfaces.booking.facade,net.java.cargotracker.interfaces.booking.facade.dto,internal,3
cargo-tracker,net.java.cargotracker.interfaces.booking.facade.dto,net.java.cargotracker.application.util,internal,3
cargo-tracker,net.java.cargotracker.interfaces.booking.facade.internal,java.util,external,3
cargo-tracker,net.java.cargotracker.interfaces.booking.facade.internal,net.java.cargotracker.domain.model.location,internal,3
cargo-tracker,net.java.cargotracker.interfaces.booking.facade.internal,net.java.cargotracker.interfaces.booking.facade.internal.assembler,internal,3
cargo-tracker,net.java.cargotracker.interfaces.booking.facade.internal.assembler,net.java.cargotracker.domain.model.voyage,internal,3
cargo-tracker,net.java.cargotracker.interfaces.booking.rest,javax.json,external,3
cargo-tracker,net.java.cargotracker.interfaces.booking.rest,javax.ws.rs,external,3
cargo-tracker,net.java.cargotracker.interfaces.booking.socket,java.io,external,3
cargo-tracker,net.java.cargotracker.interfaces.booking.socket,javax.websocket,external,3
cargo-tracker,net.java.cargotracker.interfaces.booking.web,javax.annotation,external,3
cargo-tracker,net.java.cargotracker.interfaces.booking.web,javax.enterprise.context,external,3
cargo-tracker,net.java.cargotracker.interfaces.handling.file,javax.batch.runtime.context,external,3
cargo-tracker,net.java.cargotracker.interfaces.handling.mobile,java.util,external,3
cargo-tracker,net.java.cargotracker.interfaces.handling.mobile,javax.enterprise.context,external,3
cargo-tracker,net.java.cargotracker.interfaces.handling.mobile,javax.inject,external,3
cargo-tracker,net.java.cargotracker.interfaces.handling.mobile,net.java.cargotracker.domain.model.voyage,internal,3
cargo-tracker,net.java.cargotracker.interfaces.handling.rest,javax.validation.constraints,external,3
cargo-tracker,net.java.cargotracker.interfaces.handling.rest,javax.ws.rs,external,3
cargo-tracker,net.java.cargotracker.interfaces.tracking.web,net.java.cargotracker.domain.model.handling,internal,3
cargo-tracker,net.java.cargotracker.interfaces.tracking.web,org.primefaces.model.map,external,3
cargo-tracker,net.java.cargotracker.scenario,java.util,external,3
cargo-tracker,net.java.cargotracker.application,net.java.cargotracker.application.internal,internal,2
cargo-tracker,net.java.cargotracker.application,org.jboss.arquillian.junit,external,2
cargo-tracker,net.java.cargotracker.application.util,java.text,external,2
cargo-tracker,net.java.cargotracker.application.util,javax.persistence,external,2
cargo-tracker,net.java.cargotracker.application.util,javax.ws.rs.ext,external,2
cargo-tracker,net.java.cargotracker.application.util,org.glassfish.jersey.moxy.json,external,2
cargo-tracker,net.java.cargotracker.application.util,org.glassfish.jersey.server,external,2
cargo-tracker,net.java.cargotracker.domain.model.cargo,javax.faces.context,external,2
cargo-tracker,net.java.cargotracker.domain.model.cargo,net.java.cargotracker.application.util,internal,2
cargo-tracker,net.java.cargotracker.domain.model.cargo,net.java.cargotracker.interfaces.booking.facade.dto,internal,2
cargo-tracker,net.java.cargotracker.domain.model.handling,java.io,external,2
cargo-tracker,net.java.cargotracker.domain.model.handling,org.apache.commons.lang3,external,2
cargo-tracker,net.java.cargotracker.domain.model.handling,org.apache.commons.lang3.builder,external,2
cargo-tracker,net.java.cargotracker.domain.model.handling,org.junit,external,2
cargo-tracker,net.java.cargotracker.domain.model.handling,org.junit.Assert,external,2
cargo-tracker,net.java.cargotracker.domain.model.location,java.io,external,2
cargo-tracker,net.java.cargotracker.domain.model.location,org.apache.commons.lang3,external,2
cargo-tracker,net.java.cargotracker.domain.service,net.java.cargotracker.domain.model.cargo,internal,2
cargo-tracker,net.java.cargotracker.infrastructure.events.cdi,java.lang.annotation,external,2
cargo-tracker,net.java.cargotracker.infrastructure.events.cdi,java.lang.annotation.ElementType,external,2
cargo-tracker,net.java.cargotracker.infrastructure.messaging.jms,net.java.cargotracker.domain.model.cargo,internal,2
cargo-tracker,net.java.cargotracker.infrastructure.messaging.jms,net.java.cargotracker.domain.model.handling,internal,2
cargo-tracker,net.java.cargotracker.infrastructure.messaging.jms,net.java.cargotracker.interfaces.handling,internal,2
cargo-tracker,net.java.cargotracker.infrastructure.persistence.jpa,java.util.logging,external,2
cargo-tracker,net.java.cargotracker.infrastructure.routing,java.util.logging,external,2
cargo-tracker,net.java.cargotracker.infrastructure.routing,javax.annotation,external,2
cargo-tracker,net.java.cargotracker.infrastructure.routing,javax.ws.rs.core,external,2
cargo-tracker,net.java.cargotracker.infrastructure.routing,net.java.pathfinder.api,internal,2
cargo-tracker,net.java.cargotracker.interfaces.booking.facade,java.util,external,2
cargo-tracker,net.java.cargotracker.interfaces.booking.facade.dto,java.text,external,2
cargo-tracker,net.java.cargotracker.interfaces.booking.facade.internal,net.java.cargotracker.interfaces.booking.facade.dto,internal,2
cargo-tracker,net.java.cargotracker.interfaces.booking.facade.internal.assembler,java.text,external,2
cargo-tracker,net.java.cargotracker.interfaces.booking.facade.internal.assembler,net.java.cargotracker.interfaces.booking.facade.dto,internal,2
cargo-tracker,net.java.cargotracker.interfaces.booking.rest,net.java.cargotracker.domain.model.cargo,internal,2
cargo-tracker,net.java.cargotracker.interfaces.booking.socket,java.util,external,2
cargo-tracker,net.java.cargotracker.interfaces.booking.socket,java.util.logging,external,2
cargo-tracker,net.java.cargotracker.interfaces.booking.web,java.text,external,2
cargo-tracker,net.java.cargotracker.interfaces.booking.web,javax.faces.bean,external,2
cargo-tracker,net.java.cargotracker.interfaces.booking.web,org.primefaces.context,external,2
cargo-tracker,net.java.cargotracker.interfaces.handling.file,java.text,external,2
cargo-tracker,net.java.cargotracker.interfaces.handling.file,javax.batch.api.chunk,external,2
cargo-tracker,net.java.cargotracker.interfaces.handling.file,javax.ejb,external,2
cargo-tracker,net.java.cargotracker.interfaces.handling.file,net.java.cargotracker.interfaces.handling,internal,2
cargo-tracker,net.java.cargotracker.interfaces.handling.mobile,java.io,external,2
cargo-tracker,net.java.cargotracker.interfaces.handling.mobile,javax.faces.context,external,2
cargo-tracker,net.java.cargotracker.interfaces.handling.mobile,javax.faces.flow,external,2
cargo-tracker,net.java.cargotracker.interfaces.handling.rest,java.text,external,2
cargo-tracker,net.java.cargotracker.interfaces.tracking.web,javax.inject,external,2
cargo-tracker,net.java.cargotracker.interfaces.tracking.web,net.java.cargotracker.application.util.LocationUtil,external,2
cargo-tracker,net.java.pathfinder.api,java.io,external,2
cargo-tracker,net.java.pathfinder.api,javax.validation.constraints,external,2
cargo-tracker,net.java.cargotracker.application,java.util.logging,external,1
cargo-tracker,net.java.cargotracker.application,javax.annotation,external,1
cargo-tracker,net.java.cargotracker.application,javax.inject,external,1
cargo-tracker,net.java.cargotracker.application,javax.validation.constraints,external,1
cargo-tracker,net.java.cargotracker.application,javax.ws.rs,external,1
cargo-tracker,net.java.cargotracker.application,net.java.cargotracker.domain.service,internal,1
cargo-tracker,net.java.cargotracker.application,net.java.cargotracker.infrastructure.routing,internal,1
cargo-tracker,net.java.cargotracker.application,net.java.cargotracker.interfaces.handling,internal,1
cargo-tracker,net.java.cargotracker.application,net.java.pathfinder.internal,internal,1
cargo-tracker,net.java.cargotracker.application,org.apache.commons.lang3.time,external,1
cargo-tracker,net.java.cargotracker.application,org.glassfish.jersey.moxy.json,external,1
cargo-tracker,net.java.cargotracker.application,org.glassfish.jersey.server,external,1
cargo-tracker,net.java.cargotracker.application,org.jboss.arquillian.container.test.api,external,1
cargo-tracker,net.java.cargotracker.application,org.jboss.shrinkwrap.api,external,1
cargo-tracker,net.java.cargotracker.application,org.jboss.shrinkwrap.api.spec,external,1
cargo-tracker,net.java.cargotracker.application,org.jboss.shrinkwrap.resolver.api.maven,external,1
cargo-tracker,net.java.cargotracker.application,org.junit,external,1
cargo-tracker,net.java.cargotracker.application,org.junit.runner,external,1
cargo-tracker,net.java.cargotracker.application.internal,javax.enterprise.event,external,1
cargo-tracker,net.java.cargotracker.application.internal,net.java.cargotracker.domain.model.voyage,internal,1
cargo-tracker,net.java.cargotracker.application.internal,net.java.cargotracker.domain.service,internal,1
cargo-tracker,net.java.cargotracker.application.internal,net.java.cargotracker.infrastructure.events.cdi,internal,1
cargo-tracker,net.java.cargotracker.application.util,java.util.logging,external,1
cargo-tracker,net.java.cargotracker.application.util,javax.annotation,external,1
cargo-tracker,net.java.cargotracker.application.util,javax.inject,external,1
cargo-tracker,net.java.cargotracker.application.util,javax.ws.rs,external,1
cargo-tracker,net.java.cargotracker.application.util,net.java.cargotracker.domain.model.location,internal,1
cargo-tracker,net.java.cargotracker.application.util,net.java.cargotracker.domain.model.voyage,internal,1
cargo-tracker,net.java.cargotracker.application.util,net.java.cargotracker.interfaces.booking.rest,internal,1
cargo-tracker,net.java.cargotracker.application.util,net.java.cargotracker.interfaces.handling.rest,internal,1
cargo-tracker,net.java.cargotracker.application.util,net.java.pathfinder.api,internal,1
cargo-tracker,net.java.cargotracker.application.util,org.primefaces.model.map,external,1
cargo-tracker,net.java.cargotracker.domain.model.cargo,javax.annotation,external,1
cargo-tracker,net.java.cargotracker.domain.model.cargo,javax.enterprise.context,external,1
cargo-tracker,net.java.cargotracker.domain.model.cargo,javax.faces.application,external,1
cargo-tracker,net.java.cargotracker.domain.model.cargo,javax.faces.component,external,1
cargo-tracker,net.java.cargotracker.domain.model.cargo,javax.faces.convert,external,1
cargo-tracker,net.java.cargotracker.domain.model.cargo,javax.faces.flow,external,1
cargo-tracker,net.java.cargotracker.domain.model.cargo,net.java.cargotracker.application.util.DateUtil,external,1
cargo-tracker,net.java.cargotracker.domain.model.cargo,net.java.cargotracker.domain.model.cargo.RoutingStatus,external,1
cargo-tracker,net.java.cargotracker.domain.model.cargo,net.java.cargotracker.domain.model.cargo.TransportStatus,external,1
cargo-tracker,net.java.cargotracker.domain.model.cargo,net.java.cargotracker.interfaces.booking.facade,internal,1
cargo-tracker,net.java.cargotracker.domain.model.cargo,org.eclipse.persistence.annotations,external,1
cargo-tracker,net.java.cargotracker.domain.model.cargo,org.primefaces.context,external,1
cargo-tracker,net.java.cargotracker.domain.model.handling,javax.ejb,external,1
cargo-tracker,net.java.cargotracker.domain.model.handling,javax.enterprise.context,external,1
cargo-tracker,net.java.cargotracker.domain.model.handling,javax.inject,external,1
cargo-tracker,net.java.cargotracker.domain.model.handling,javax.validation.constraints,external,1
cargo-tracker,net.java.cargotracker.domain.model.handling,net.java.cargotracker.application.util,internal,1
cargo-tracker,net.java.cargotracker.domain.model.handling,net.java.cargotracker.domain.shared,internal,1
cargo-tracker,net.java.cargotracker.domain.model.location,java.util,external,1
cargo-tracker,net.java.cargotracker.domain.model.voyage,java.lang.reflect,external,1
cargo-tracker,net.java.cargotracker.domain.model.voyage,net.java.cargotracker.application.util.DateUtil,external,1
cargo-tracker,net.java.cargotracker.domain.model.voyage,org.eclipse.persistence.annotations,external,1
cargo-tracker,net.java.cargotracker.domain.service,java.util,external,1
cargo-tracker,net.java.cargotracker.infrastructure.events.cdi,java.lang.annotation.RetentionPolicy,external,1
cargo-tracker,net.java.cargotracker.infrastructure.events.cdi,javax.inject,external,1
cargo-tracker,net.java.cargotracker.infrastructure.messaging.jms,java.io,external,1
cargo-tracker,net.java.cargotracker.infrastructure.messaging.jms,javax.annotation,external,1
cargo-tracker,net.java.cargotracker.infrastructure.messaging.jms,javax.enterprise.context,external,1
cargo-tracker,net.java.cargotracker.infrastructure.routing,javax.ejb,external,1
cargo-tracker,net.java.cargotracker.infrastructure.routing,javax.inject,external,1
cargo-tracker,net.java.cargotracker.infrastructure.routing,net.java.cargotracker.application.util,internal,1
cargo-tracker,net.java.cargotracker.infrastructure.routing,net.java.cargotracker.domain.service,internal,1
cargo-tracker,net.java.cargotracker.infrastructure.routing,org.glassfish.jersey.moxy.json,external,1
cargo-tracker,net.java.cargotracker.interfaces.booking.facade.internal,java.io,external,1
cargo-tracker,net.java.cargotracker.interfaces.booking.facade.internal,javax.enterprise.context,external,1
cargo-tracker,net.java.cargotracker.interfaces.booking.facade.internal,javax.inject,external,1
cargo-tracker,net.java.cargotracker.interfaces.booking.facade.internal,net.java.cargotracker.application,internal,1
cargo-tracker,net.java.cargotracker.interfaces.booking.facade.internal,net.java.cargotracker.domain.model.voyage,internal,1
cargo-tracker,net.java.cargotracker.interfaces.booking.facade.internal,net.java.cargotracker.interfaces.booking.facade,internal,1
cargo-tracker,net.java.cargotracker.interfaces.booking.rest,java.util,external,1
cargo-tracker,net.java.cargotracker.interfaces.booking.rest,javax.ejb,external,1
cargo-tracker,net.java.cargotracker.interfaces.booking.rest,javax.inject,external,1
cargo-tracker,net.java.cargotracker.interfaces.booking.rest,javax.ws.rs.core,external,1
cargo-tracker,net.java.cargotracker.interfaces.booking.socket,javax.ejb,external,1
cargo-tracker,net.java.cargotracker.interfaces.booking.socket,javax.enterprise.event,external,1
cargo-tracker,net.java.cargotracker.interfaces.booking.socket,javax.json,external,1
cargo-tracker,net.java.cargotracker.interfaces.booking.socket,javax.json.stream,external,1
cargo-tracker,net.java.cargotracker.interfaces.booking.socket,javax.websocket.server,external,1
cargo-tracker,net.java.cargotracker.interfaces.booking.socket,net.java.cargotracker.domain.model.cargo,internal,1
cargo-tracker,net.java.cargotracker.interfaces.booking.socket,net.java.cargotracker.infrastructure.events.cdi,internal,1
cargo-tracker,net.java.cargotracker.interfaces.booking.web,javax.faces.application,external,1
cargo-tracker,net.java.cargotracker.interfaces.booking.web,javax.faces.context,external,1
cargo-tracker,net.java.cargotracker.interfaces.booking.web,org.primefaces.event,external,1
cargo-tracker,net.java.cargotracker.interfaces.handling,java.io,external,1
cargo-tracker,net.java.cargotracker.interfaces.handling,java.util,external,1
cargo-tracker,net.java.cargotracker.interfaces.handling,net.java.cargotracker.domain.model.cargo,internal,1
cargo-tracker,net.java.cargotracker.interfaces.handling,net.java.cargotracker.domain.model.handling,internal,1
cargo-tracker,net.java.cargotracker.interfaces.handling,net.java.cargotracker.domain.model.location,internal,1
cargo-tracker,net.java.cargotracker.interfaces.handling,net.java.cargotracker.domain.model.voyage,internal,1
cargo-tracker,net.java.cargotracker.interfaces.handling.file,javax.batch.api.chunk.listener,external,1
cargo-tracker,net.java.cargotracker.interfaces.handling.file,javax.batch.api.listener,external,1
cargo-tracker,net.java.cargotracker.interfaces.handling.file,javax.batch.operations,external,1
cargo-tracker,net.java.cargotracker.interfaces.handling.file,javax.batch.runtime,external,1
cargo-tracker,net.java.cargotracker.interfaces.handling.file,javax.transaction,external,1
cargo-tracker,net.java.cargotracker.interfaces.handling.file,net.java.cargotracker.application,internal,1
cargo-tracker,net.java.cargotracker.interfaces.handling.file,net.java.cargotracker.domain.model.cargo,internal,1
cargo-tracker,net.java.cargotracker.interfaces.handling.file,net.java.cargotracker.domain.model.handling,internal,1
cargo-tracker,net.java.cargotracker.interfaces.handling.file,net.java.cargotracker.domain.model.location,internal,1
cargo-tracker,net.java.cargotracker.interfaces.handling.file,net.java.cargotracker.domain.model.voyage,internal,1
cargo-tracker,net.java.cargotracker.interfaces.handling.mobile,javax.annotation,external,1
cargo-tracker,net.java.cargotracker.interfaces.handling.mobile,javax.faces.application,external,1
cargo-tracker,net.java.cargotracker.interfaces.handling.mobile,javax.faces.model,external,1
cargo-tracker,net.java.cargotracker.interfaces.handling.mobile,net.java.cargotracker.application,internal,1
cargo-tracker,net.java.cargotracker.interfaces.handling.mobile,net.java.cargotracker.domain.model.cargo,internal,1
cargo-tracker,net.java.cargotracker.interfaces.handling.mobile,net.java.cargotracker.domain.model.handling,internal,1
cargo-tracker,net.java.cargotracker.interfaces.handling.mobile,net.java.cargotracker.domain.model.location,internal,1
cargo-tracker,net.java.cargotracker.interfaces.handling.mobile,net.java.cargotracker.interfaces.booking.facade,internal,1
cargo-tracker,net.java.cargotracker.interfaces.handling.mobile,net.java.cargotracker.interfaces.booking.facade.dto,internal,1
cargo-tracker,net.java.cargotracker.interfaces.handling.mobile,net.java.cargotracker.interfaces.booking.web,internal,1
cargo-tracker,net.java.cargotracker.interfaces.handling.mobile,net.java.cargotracker.interfaces.handling,internal,1
cargo-tracker,net.java.cargotracker.interfaces.handling.mobile,org.primefaces.context,external,1
cargo-tracker,net.java.cargotracker.interfaces.handling.rest,java.util,external,1
cargo-tracker,net.java.cargotracker.interfaces.handling.rest,javax.ejb,external,1
cargo-tracker,net.java.cargotracker.interfaces.handling.rest,javax.inject,external,1
cargo-tracker,net.java.cargotracker.interfaces.handling.rest,javax.validation,external,1
cargo-tracker,net.java.cargotracker.interfaces.handling.rest,javax.ws.rs.core,external,1
cargo-tracker,net.java.cargotracker.interfaces.handling.rest,javax.xml.bind.annotation,external,1
cargo-tracker,net.java.cargotracker.interfaces.handling.rest,net.java.cargotracker.application,internal,1
cargo-tracker,net.java.cargotracker.interfaces.handling.rest,net.java.cargotracker.domain.model.cargo,internal,1
cargo-tracker,net.java.cargotracker.interfaces.handling.rest,net.java.cargotracker.domain.model.handling,internal,1
cargo-tracker,net.java.cargotracker.interfaces.handling.rest,net.java.cargotracker.domain.model.location,internal,1
cargo-tracker,net.java.cargotracker.interfaces.handling.rest,net.java.cargotracker.domain.model.voyage,internal,1
cargo-tracker,net.java.cargotracker.interfaces.handling.rest,net.java.cargotracker.interfaces.handling,internal,1
cargo-tracker,net.java.cargotracker.interfaces.tracking.web,java.io,external,1
cargo-tracker,net.java.cargotracker.interfaces.tracking.web,java.text,external,1
cargo-tracker,net.java.cargotracker.interfaces.tracking.web,javax.faces.application,external,1
cargo-tracker,net.java.cargotracker.interfaces.tracking.web,javax.faces.context,external,1
cargo-tracker,net.java.cargotracker.interfaces.tracking.web,javax.faces.view,external,1
cargo-tracker,net.java.cargotracker.interfaces.tracking.web,net.java.cargotracker.domain.model.location,internal,1
cargo-tracker,net.java.cargotracker.interfaces.tracking.web,net.java.cargotracker.domain.model.voyage,internal,1
cargo-tracker,net.java.cargotracker.interfaces.tracking.web,org.primefaces.event.map,external,1
cargo-tracker,net.java.cargotracker.scenario,net.java.cargotracker.application.util,internal,1
cargo-tracker,net.java.cargotracker.scenario,net.java.cargotracker.domain.service,internal,1
cargo-tracker,net.java.pathfinder.api,javax.ejb,external,1
cargo-tracker,net.java.pathfinder.api,javax.inject,external,1
cargo-tracker,net.java.pathfinder.api,javax.xml.bind.annotation,external,1
cargo-tracker,net.java.pathfinder.api,net.java.pathfinder.internal,internal,1
cargo-tracker,net.java.pathfinder.internal,java.io,external,1
cargo-tracker,net.java.pathfinder.internal,javax.enterprise.context,external,1
