microservice_name,responsibility,communicates_with
Administration and Reference Data Service,"Manages shared support catalogs and administrative configuration used by the business domains, such as departments, contract types, user categories, organization types, interaction types, tax reasons, billing regimes, frequencies, and configurable operational rules.",Workforce and Access Service;CRM and Sales Service;Project Operations Service;Finance and Billing Service;Commissioning Service;Document and Content Service
Workforce and Access Service,"Manages users, personal and contractual data, access profiles, authentication, password lifecycle, LDAP integration, user preferences, work agreements, vacation requests, vacation balance rules, contract-expiration alerts, and workforce-related authorization scopes.",Administration and Reference Data Service;Project Operations Service;Document and Content Service;Commissioning Service;Notification Service;Reporting and Export Service
CRM and Sales Service,"Manages organizations, contacts, external collaborators, commercial interactions, advanced contact search, sales proposals, proposal classification, proposal lifecycle, rejection reasons, proposal duplication, and preparation of proposal items for billing.",Administration and Reference Data Service;Project Operations Service;Finance and Billing Service;Reporting and Export Service
Project Operations Service,"Manages customer-linked projects, project validity periods, project status, roles, costs, operational activities, time tracking, billable and non-billable work, workday calculations, objectives, occupations, evidence policies, activity attachments, and consolidated hour information.",Administration and Reference Data Service;Workforce and Access Service;CRM and Sales Service;Finance and Billing Service;Document and Content Service;Commissioning Service;Notification Service;Reporting and Export Service
Finance and Billing Service,"Manages accounts, financial entry types and groups, periodic financial entries, issued and received billings, billing items, taxes, attachments, due dates, payment tracking, open balances, credit titles, cash-flow indicators, fiscal routines, and imports of billable proposal, project-hour, and project-cost data.",Administration and Reference Data Service;CRM and Sales Service;Project Operations Service;Document and Content Service;Commissioning Service;Reporting and Export Service
Document and Content Service,"Manages document categories, document versions, files, responsible users, organizational areas, user-specific document folders, institutional knowledge content, publications, magazines, tutorials, notice boards, ideas, inventory, tags, links, and externally stored files or generated outputs.",Administration and Reference Data Service;Workforce and Access Service;Project Operations Service;Finance and Billing Service;Commissioning Service;Reporting and Export Service
Commissioning Service,"Manages orders and commissionings linked to projects, reviewers, collaborators, payment data, workflow states, delays, changes, related files, textual change history, and sending of order-related documents.",Administration and Reference Data Service;Workforce and Access Service;Project Operations Service;Finance and Billing Service;Document and Content Service;Notification Service;Reporting and Export Service
Notification Service,"Sends business e-mail notifications for events such as vacation requests, contract or trial-period expiration, password resets, missing weekly evidence, and commissioning/order communications.",Workforce and Access Service;Project Operations Service;Commissioning Service
Reporting and Export Service,"Produces cross-domain reports and interoperable exports for billing, hours, projects, proposals, interactions, organizations, personal usage, commissionings, advanced contact searches, and global hour reports in formats such as CSV, PDF, HTML, RTF, XLS, and ODT.",Workforce and Access Service;CRM and Sales Service;Project Operations Service;Finance and Billing Service;Document and Content Service;Commissioning Service
